type,id,slug,url,current_len,current_title,raw_title,suggested_len,suggested_title
post,322505,%d7%91-web-dev-%d7%9e%d7%a8%d7%97%d7%99%d7%91%d7%99%d7%9d-%d7%90%d7%aa-%d7%94%d7%aa%d7%9e%d7%95%d7%a0%d7%94-%d7%90%d7%aa%d7%a8-%d7%a0%d7%91%d7%97%d7%9f-%d7%a2%d7%9b%d7%a9%d7%99%d7%95-%d7%92%d7%9d,https://brndini.co.il/%d7%a9%d7%99%d7%9e%d7%95%d7%a9%d7%99/%d7%91-web-dev-%d7%9e%d7%a8%d7%97%d7%99%d7%91%d7%99%d7%9d-%d7%90%d7%aa-%d7%94%d7%aa%d7%9e%d7%95%d7%a0%d7%94-%d7%90%d7%aa%d7%a8-%d7%a0%d7%91%d7%97%d7%9f-%d7%a2%d7%9b%d7%a9%d7%99%d7%95-%d7%92%d7%9d/,103,"ב-web.dev מרחיבים את התמונה: אתר נבחן עכשיו גם לפי תגובה, גילוי ויכולות מתקדמות | בניית אתרים | ברנדיני","ב-web.dev מרחיבים את התמונה: אתר נבחן עכשיו גם לפי תגובה, גילוי ויכולות מתקדמות",56,ב-web.dev מרחיבים את התמונה: אתר נבחן עכשיו גם לפי תגובה
post,322826,%d7%9e%d7%a1%d7%a8-%d7%97%d7%93%d7%a9-%d7%9c%d7%9e%d7%a9%d7%95%d7%95%d7%a7%d7%99-%d7%91%d7%99%d7%98%d7%95%d7%97-%d7%91%d7%97%d7%99%d7%a8%d7%aa-%d7%a0%d7%95%d7%a9%d7%90%d7%99%d7%9d-%d7%9c%d7%a7%d7%99,https://brndini.co.il/%d7%a7%d7%99%d7%93%d7%95%d7%9d/%d7%9e%d7%a1%d7%a8-%d7%97%d7%93%d7%a9-%d7%9c%d7%9e%d7%a9%d7%95%d7%95%d7%a7%d7%99-%d7%91%d7%99%d7%98%d7%95%d7%97-%d7%91%d7%97%d7%99%d7%a8%d7%aa-%d7%a0%d7%95%d7%a9%d7%90%d7%99%d7%9d-%d7%9c%d7%a7%d7%99/,98,מסר חדש למשווקי ביטוח: בחירת נושאים לקידום עוברת משכפול מונחים להבנת צורך | קידום אורגני | ברנדיני,מסר חדש למשווקי ביטוח: בחירת נושאים לקידום עוברת משכפול מונחים להבנת צורך,55,מסר חדש למשווקי ביטוח: בחירת נושאים לקידום עוברת משכפול
post,322827,%d7%a1%d7%93%d7%a8%d7%aa-%d7%94%d7%a2%d7%93%d7%9b%d7%95%d7%a0%d7%99%d7%9d-%d7%a9%d7%9c-web-dev-%d7%9e%d7%97%d7%93%d7%93%d7%aa-%d7%9e%d7%94-%d7%90%d7%aa%d7%a8-%d7%91%d7%99%d7%98%d7%95%d7%97-%d7%97,https://brndini.co.il/%d7%90%d7%aa%d7%a8%d7%99%d7%9d/%d7%a1%d7%93%d7%a8%d7%aa-%d7%94%d7%a2%d7%93%d7%9b%d7%95%d7%a0%d7%99%d7%9d-%d7%a9%d7%9c-web-dev-%d7%9e%d7%97%d7%93%d7%93%d7%aa-%d7%9e%d7%94-%d7%90%d7%aa%d7%a8-%d7%91%d7%99%d7%98%d7%95%d7%97-%d7%97/,95,סדרת העדכונים של web.dev מחדדת מה אתר ביטוח חייב להבהיר כבר במסך הראשון | בניית אתרים | ברנדיני,סדרת העדכונים של web.dev מחדדת מה אתר ביטוח חייב להבהיר כבר במסך הראשון,55,סדרת העדכונים של web.dev מחדדת מה אתר ביטוח חייב להבהיר
post,322834,%d7%9e%d7%a4%d7%aa-%d7%a7%d7%a8%d7%99%d7%90%d7%94-%d7%a0%d7%9b%d7%95%d7%a0%d7%94-%d7%9c%d7%90%d7%aa%d7%a8-%d7%91%d7%99%d7%98%d7%95%d7%97-%d7%9b%d7%9a-%d7%91%d7%95%d7%a0%d7%99%d7%9d-%d7%9e%d7%a1%d7%9c,https://brndini.co.il/brn-magazin/%d7%9e%d7%a4%d7%aa-%d7%a7%d7%a8%d7%99%d7%90%d7%94-%d7%a0%d7%9b%d7%95%d7%a0%d7%94-%d7%9c%d7%90%d7%aa%d7%a8-%d7%91%d7%99%d7%98%d7%95%d7%97-%d7%9b%d7%9a-%d7%91%d7%95%d7%a0%d7%99%d7%9d-%d7%9e%d7%a1%d7%9c/,91,מפת קריאה נכונה לאתר ביטוח: כך בונים מסלול מידע שלא מעמיס על המשתמש | בניית אתרים | ברנדיני,מפת קריאה נכונה לאתר ביטוח: כך בונים מסלול מידע שלא מעמיס על המשתמש,57,מפת קריאה נכונה לאתר ביטוח: כך בונים מסלול מידע שלא מעמיס
post,322837,%d7%9c%d7%90-%d7%9b%d7%9c-%d7%a0%d7%95%d7%a9%d7%90-%d7%97%d7%99%d7%a4%d7%95%d7%a9-%d7%a8%d7%90%d7%95%d7%99-%d7%9c%d7%a2%d7%9e%d7%95%d7%93-%d7%90%d7%99%d7%9a-%d7%9c%d7%91%d7%97%d7%95%d7%a8-%d7%aa,https://brndini.co.il/%d7%a7%d7%99%d7%93%d7%95%d7%9d/%d7%9c%d7%90-%d7%9b%d7%9c-%d7%a0%d7%95%d7%a9%d7%90-%d7%97%d7%99%d7%a4%d7%95%d7%a9-%d7%a8%d7%90%d7%95%d7%99-%d7%9c%d7%a2%d7%9e%d7%95%d7%93-%d7%90%d7%99%d7%9a-%d7%9c%d7%91%d7%97%d7%95%d7%a8-%d7%aa/,88,לא כל נושא חיפוש ראוי לעמוד: איך לבחור תוכן לקידום בתחום הביטוח | קידום אורגני | ברנדיני,לא כל נושא חיפוש ראוי לעמוד: איך לבחור תוכן לקידום בתחום הביטוח,56,לא כל נושא חיפוש ראוי לעמוד: איך לבחור תוכן לקידום בתחום
post,322793,%d7%91%d7%99%d7%9f-%d7%90%d7%aa%d7%a8-%d7%9e%d7%a8%d7%a9%d7%99%d7%9d-%d7%9c%d7%90%d7%aa%d7%a8-%d7%9e%d7%a8%d7%92%d7%99%d7%a2-%d7%90%d7%99%d7%96%d7%95-%d7%a9%d7%a4%d7%aa-%d7%a2%d7%99%d7%a6%d7%95%d7%91,https://brndini.co.il/%d7%a2%d7%99%d7%a6%d7%95%d7%91/%d7%91%d7%99%d7%9f-%d7%90%d7%aa%d7%a8-%d7%9e%d7%a8%d7%a9%d7%99%d7%9d-%d7%9c%d7%90%d7%aa%d7%a8-%d7%9e%d7%a8%d7%92%d7%99%d7%a2-%d7%90%d7%99%d7%96%d7%95-%d7%a9%d7%a4%d7%aa-%d7%a2%d7%99%d7%a6%d7%95%d7%91/,87,בין אתר מרשים לאתר מרגיע: איזו שפת עיצוב בונה אמון בתחום הביטוח | בניית אתרים | ברנדיני,בין אתר מרשים לאתר מרגיע: איזו שפת עיצוב בונה אמון בתחום הביטוח,56,בין אתר מרשים לאתר מרגיע: איזו שפת עיצוב בונה אמון בתחום
post,322821,%d7%94%d7%98%d7%a2%d7%95%d7%99%d7%95%d7%aa-%d7%a9%d7%92%d7%95%d7%a8%d7%9e%d7%95%d7%aa-%d7%9c%d7%90%d7%aa%d7%a8-%d7%91%d7%aa%d7%97%d7%95%d7%9d-%d7%94%d7%91%d7%99%d7%98%d7%95%d7%97-%d7%9c%d7%94%d7%a1,https://brndini.co.il/brn-magazin/%d7%94%d7%98%d7%a2%d7%95%d7%99%d7%95%d7%aa-%d7%a9%d7%92%d7%95%d7%a8%d7%9e%d7%95%d7%aa-%d7%9c%d7%90%d7%aa%d7%a8-%d7%91%d7%aa%d7%97%d7%95%d7%9d-%d7%94%d7%91%d7%99%d7%98%d7%95%d7%97-%d7%9c%d7%94%d7%a1/,86,הטעויות שגורמות לאתר בתחום הביטוח להסביר יותר מדי ולהבהיר פחות | בניית אתרים | ברנדיני,הטעויות שגורמות לאתר בתחום הביטוח להסביר יותר מדי ולהבהיר פחות,57,הטעויות שגורמות לאתר בתחום הביטוח להסביר יותר מדי ולהבהיר
post,322832,%d7%9c%d7%90-%d7%9b%d7%9c-%d7%a4%d7%99%d7%a8%d7%95%d7%98-%d7%99%d7%95%d7%a6%d7%a8-%d7%91%d7%94%d7%99%d7%a8%d7%95%d7%aa-%d7%90%d7%99%d7%9a-%d7%9c%d7%91%d7%97%d7%95%d7%a8-%d7%9e%d7%91%d7%a0%d7%94,https://brndini.co.il/%d7%a9%d7%99%d7%9e%d7%95%d7%a9%d7%99/%d7%9c%d7%90-%d7%9b%d7%9c-%d7%a4%d7%99%d7%a8%d7%95%d7%98-%d7%99%d7%95%d7%a6%d7%a8-%d7%91%d7%94%d7%99%d7%a8%d7%95%d7%aa-%d7%90%d7%99%d7%9a-%d7%9c%d7%91%d7%97%d7%95%d7%a8-%d7%9e%d7%91%d7%a0%d7%94/,84,לא כל פירוט יוצר בהירות: איך לבחור מבנה מידע נכון לאתר ביטוח | בניית אתרים | ברנדיני,לא כל פירוט יוצר בהירות: איך לבחור מבנה מידע נכון לאתר ביטוח,54,לא כל פירוט יוצר בהירות: איך לבחור מבנה מידע נכון לאתר
post,322835,%d7%9c%d7%90-%d7%9b%d7%9c-%d7%a9%d7%90%d7%9c%d7%94-%d7%a6%d7%a8%d7%99%d7%9b%d7%94-%d7%9c%d7%94%d7%a4%d7%95%d7%9a-%d7%9c%d7%a2%d7%9e%d7%95%d7%93-%d7%9b%d7%9a-%d7%91%d7%95%d7%97%d7%a8%d7%99%d7%9d,https://brndini.co.il/%d7%a7%d7%99%d7%93%d7%95%d7%9d/%d7%9c%d7%90-%d7%9b%d7%9c-%d7%a9%d7%90%d7%9c%d7%94-%d7%a6%d7%a8%d7%99%d7%9b%d7%94-%d7%9c%d7%94%d7%a4%d7%95%d7%9a-%d7%9c%d7%a2%d7%9e%d7%95%d7%93-%d7%9b%d7%9a-%d7%91%d7%95%d7%97%d7%a8%d7%99%d7%9d/,83,לא כל שאלה צריכה להפוך לעמוד: כך בוחרים נושאים לקידום אורגני בתחום הביטוח | ברנדיני,לא כל שאלה צריכה להפוך לעמוד: כך בוחרים נושאים לקידום אורגני בתחום הביטוח,53,לא כל שאלה צריכה להפוך לעמוד: כך בוחרים נושאים לקידום
page,461,%d7%a1%d7%95%d7%9b%d7%a0%d7%95%d7%aa-%d7%a4%d7%a8%d7%a1%d7%95%d7%9d-%d7%93%d7%99%d7%92%d7%99%d7%98%d7%9c%d7%99,https://brndini.co.il/,82,"ברנדיני | סוכנות פרסום דיגיטלי, מיתוג ובניית אתרים לעסקים | שירות מקצועי | ברנדיני","ברנדיני | סוכנות פרסום דיגיטלי, מיתוג ובניית אתרים לעסקים",50,"ברנדיני | סוכנות פרסום דיגיטלי, מיתוג ובניית אתרים"
post,15498,%d7%91%d7%99%d7%95-%d7%91%d7%90%d7%99%d7%a0%d7%a1%d7%98%d7%92%d7%a8%d7%9d-%d7%9b%d7%97%d7%9c%d7%a7-%d7%9e%d7%90%d7%a1%d7%98%d7%a8%d7%98%d7%92%d7%99%d7%99%d7%aa-%d7%a9%d7%99%d7%95%d7%95%d7%a7-%d7%90,https://brndini.co.il/%d7%a7%d7%99%d7%93%d7%95%d7%9d/%d7%91%d7%99%d7%95-%d7%91%d7%90%d7%99%d7%a0%d7%a1%d7%98%d7%92%d7%a8%d7%9d-%d7%9b%d7%97%d7%9c%d7%a7-%d7%9e%d7%90%d7%a1%d7%98%d7%a8%d7%98%d7%92%d7%99%d7%99%d7%aa-%d7%a9%d7%99%d7%95%d7%95%d7%a7-%d7%90/,78,"ביו באינסטגרם - כחלק מאסטרטגיית שיווק, איך עושים את זה נכון? | קידום | ברנדיני","ביו באינסטגרם &#8211; כחלק מאסטרטגיית שיווק, איך עושים את זה נכון?",57,"ביו באינסטגרם &#8211; כחלק מאסטרטגיית שיווק, איך עושים את"
post,15699,%d7%9c%d7%99%d7%a0%d7%a7%d7%93%d7%90%d7%99%d7%9f-%d7%9c%d7%a2%d7%a1%d7%a7%d7%99%d7%9d-%d7%90%d7%99%d7%9a-%d7%96%d7%94-%d7%a2%d7%95%d7%96%d7%a8-%d7%9c%d7%a2%d7%a1%d7%a7-%d7%95%d7%9c%d7%9e%d7%94,https://brndini.co.il/%d7%a7%d7%99%d7%93%d7%95%d7%9d/%d7%9c%d7%99%d7%a0%d7%a7%d7%93%d7%90%d7%99%d7%9f-%d7%9c%d7%a2%d7%a1%d7%a7%d7%99%d7%9d-%d7%90%d7%99%d7%9a-%d7%96%d7%94-%d7%a2%d7%95%d7%96%d7%a8-%d7%9c%d7%a2%d7%a1%d7%a7-%d7%95%d7%9c%d7%9e%d7%94/,76,לינקדאין לעסקים - איך זה עוזר לעסק? ולמה כדאי לי להיות שם! | קידום | ברנדיני,לינקדאין לעסקים &#8211; איך זה עוזר לעסק? ולמה כדאי לי להיות שם!,40,לינקדאין לעסקים &#8211; איך זה עוזר לעסק
post,14323,%d7%98%d7%9b%d7%a0%d7%99%d7%a7%d7%95%d7%aa-%d7%a9%d7%99%d7%95%d7%95%d7%a7-%d7%9e%d7%95%d7%aa%d7%92-%d7%9e%d7%95%d7%9b%d7%97%d7%95%d7%aa-%d7%95%d7%99%d7%a2%d7%99%d7%9c%d7%95%d7%aa-%d7%a4%d7%95%d7%aa,https://brndini.co.il/%d7%a7%d7%99%d7%93%d7%95%d7%9d/%d7%98%d7%9b%d7%a0%d7%99%d7%a7%d7%95%d7%aa-%d7%a9%d7%99%d7%95%d7%95%d7%a7-%d7%9e%d7%95%d7%aa%d7%92-%d7%9e%d7%95%d7%9b%d7%97%d7%95%d7%aa-%d7%95%d7%99%d7%a2%d7%99%d7%9c%d7%95%d7%aa-%d7%a4%d7%95%d7%aa/,76,טכניקות שיווק מותג מוכחות ויעילות: פותחים את הפוטנציאל שלך | קידום | ברנדיני,טכניקות שיווק מותג מוכחות ויעילות: פותחים את הפוטנציאל שלך,54,טכניקות שיווק מותג מוכחות ויעילות: פותחים את הפוטנציאל
post,13473,%d7%9e%d7%94-%d7%94%d7%a4%d7%a1%d7%99%d7%9b%d7%95%d7%9c%d7%95%d7%92%d7%99%d7%94-%d7%a9%d7%a2%d7%95%d7%9e%d7%93%d7%aa-%d7%9e%d7%90%d7%97%d7%95%d7%a8%d7%99-%d7%a2%d7%9e%d7%95%d7%93%d7%99-%d7%a0%d7%97,https://brndini.co.il/%d7%90%d7%aa%d7%a8%d7%99%d7%9d/%d7%9e%d7%94-%d7%94%d7%a4%d7%a1%d7%99%d7%9b%d7%95%d7%9c%d7%95%d7%92%d7%99%d7%94-%d7%a9%d7%a2%d7%95%d7%9e%d7%93%d7%aa-%d7%9e%d7%90%d7%97%d7%95%d7%a8%d7%99-%d7%a2%d7%9e%d7%95%d7%93%d7%99-%d7%a0%d7%97/,75,מה הפסיכולוגיה שעומדת מאחורי עמודי נחיתה? למה היא קריטית? | אתרים | ברנדיני,מה הפסיכולוגיה שעומדת מאחורי עמודי נחיתה? למה היא קריטית?,56,מה הפסיכולוגיה שעומדת מאחורי עמודי נחיתה? למה היא קריטית
post,13481,%d7%90%d7%a1%d7%98%d7%a8%d7%98%d7%92%d7%99%d7%95%d7%aa-%d7%a9%d7%99%d7%95%d7%95%d7%a7-%d7%97%d7%9b%d7%9e%d7%95%d7%aa-%d7%9c%d7%a2%d7%a1%d7%a7%d7%99%d7%9d-%d7%a7%d7%98%d7%a0%d7%99%d7%9d-%d7%aa%d7%92,https://brndini.co.il/%d7%a7%d7%99%d7%93%d7%95%d7%9d/%d7%90%d7%a1%d7%98%d7%a8%d7%98%d7%92%d7%99%d7%95%d7%aa-%d7%a9%d7%99%d7%95%d7%95%d7%a7-%d7%97%d7%9b%d7%9e%d7%95%d7%aa-%d7%9c%d7%a2%d7%a1%d7%a7%d7%99%d7%9d-%d7%a7%d7%98%d7%a0%d7%99%d7%9d-%d7%aa%d7%92/,75,אסטרטגיות שיווק חכמות לעסקים קטנים - תגרום לעסק שלך לגדול | קידום | ברנדיני,אסטרטגיות שיווק חכמות לעסקים קטנים &#8211; תגרום לעסק שלך לגדול,57,אסטרטגיות שיווק חכמות לעסקים קטנים &#8211; תגרום לעסק שלך
post,16476,%d7%99%d7%95%d7%a2%d7%a5-%d7%a9%d7%99%d7%95%d7%95%d7%a7-%d7%9c%d7%a2%d7%a1%d7%a7-%d7%a9%d7%9c%d7%9a-%d7%90%d7%99%d7%9a-%d7%94%d7%95%d7%90-%d7%99%d7%9b%d7%95%d7%9c-%d7%9c%d7%a2%d7%96%d7%95%d7%a8,https://brndini.co.il/%d7%a7%d7%99%d7%93%d7%95%d7%9d/%d7%99%d7%95%d7%a2%d7%a5-%d7%a9%d7%99%d7%95%d7%95%d7%a7-%d7%9c%d7%a2%d7%a1%d7%a7-%d7%a9%d7%9c%d7%9a-%d7%90%d7%99%d7%9a-%d7%94%d7%95%d7%90-%d7%99%d7%9b%d7%95%d7%9c-%d7%9c%d7%a2%d7%96%d7%95%d7%a8/,72,יועץ שיווק לעסק שלך - איך הוא יכול לעזור? במה זה כרוך? | קידום | ברנדיני,יועץ שיווק לעסק שלך &#8211; איך הוא יכול לעזור? במה זה כרוך?,59,יועץ שיווק לעסק שלך &#8211; איך הוא יכול לעזור? במה זה כרוך
post,16360,%d7%9e%d7%a2%d7%a8%d7%9b%d7%95%d7%aa-crm-%d7%94%d7%9b%d7%9c%d7%99-%d7%94%d7%97%d7%99%d7%95%d7%a0%d7%99-%d7%9c%d7%a0%d7%99%d7%94%d7%95%d7%9c-%d7%9c%d7%a7%d7%95%d7%97%d7%95%d7%aa-%d7%91%d7%a2%d7%99,https://brndini.co.il/%d7%a9%d7%99%d7%9e%d7%95%d7%a9%d7%99/%d7%9e%d7%a2%d7%a8%d7%9b%d7%95%d7%aa-crm-%d7%94%d7%9b%d7%9c%d7%99-%d7%94%d7%97%d7%99%d7%95%d7%a0%d7%99-%d7%9c%d7%a0%d7%99%d7%94%d7%95%d7%9c-%d7%9c%d7%a7%d7%95%d7%97%d7%95%d7%aa-%d7%91%d7%a2%d7%99/,72,מערכות CRM - הכלי החיוני לניהול לקוחות בעידן הדיגיטלי | שימושי | ברנדיני,מערכות CRM &#8211; הכלי החיוני לניהול לקוחות בעידן הדיגיטלי,50,מערכות CRM &#8211; הכלי החיוני לניהול לקוחות בעידן
post,15837,%d7%91%d7%a0%d7%99%d7%99%d7%aa-%d7%a7%d7%99%d7%a9%d7%95%d7%a8%d7%99%d7%9d-%d7%94%d7%9e%d7%93%d7%a8%d7%99%d7%9a-%d7%94%d7%9e%d7%9c%d7%90-%d7%9c%d7%a7%d7%99%d7%93%d7%95%d7%9d-%d7%90%d7%95%d7%a8%d7%92,https://brndini.co.il/%d7%a7%d7%99%d7%93%d7%95%d7%9d/%d7%91%d7%a0%d7%99%d7%99%d7%aa-%d7%a7%d7%99%d7%a9%d7%95%d7%a8%d7%99%d7%9d-%d7%94%d7%9e%d7%93%d7%a8%d7%99%d7%9a-%d7%94%d7%9e%d7%9c%d7%90-%d7%9c%d7%a7%d7%99%d7%93%d7%95%d7%9d-%d7%90%d7%95%d7%a8%d7%92/,72,בניית קישורים - המדריך המלא לקידום אורגני שנותן תוצאות | קידום | ברנדיני,בניית קישורים &#8211; המדריך המלא לקידום אורגני שנותן תוצאות,53,בניית קישורים &#8211; המדריך המלא לקידום אורגני שנותן
post,15885,%d7%9c%d7%95%d7%92%d7%95-%d7%9c%d7%a2%d7%a1%d7%a7-%d7%91%d7%a0%d7%99%d7%99%d7%aa-%d7%9e%d7%95%d7%aa%d7%92-%d7%9e%d7%93%d7%a8%d7%99%d7%9a-%d7%9e%d7%a7%d7%99%d7%a3,https://brndini.co.il/%d7%a2%d7%99%d7%a6%d7%95%d7%91/%d7%9c%d7%95%d7%92%d7%95-%d7%9c%d7%a2%d7%a1%d7%a7-%d7%91%d7%a0%d7%99%d7%99%d7%aa-%d7%9e%d7%95%d7%aa%d7%92-%d7%9e%d7%93%d7%a8%d7%99%d7%9a-%d7%9e%d7%a7%d7%99%d7%a3/,71,לוגו לעסק: למה זה חשוב? ומה השלבים לעשיית לוגו איכותי | עיצוב | ברנדיני,לוגו לעסק: למה זה חשוב? ומה השלבים לעשיית לוגו איכותי,63,לוגו לעסק: למה זה חשוב? ומה השלבים לעשיית לוגו איכותי | ברנדיני
post,12443,%d7%97%d7%91%d7%99%d7%9c%d7%aa-%d7%9e%d7%99%d7%aa%d7%95%d7%92-%d7%95%d7%9b%d7%9e%d7%94-%d7%94%d7%99%d7%90-%d7%a2%d7%95%d7%9c%d7%94,https://brndini.co.il/%d7%a2%d7%99%d7%a6%d7%95%d7%91/%d7%97%d7%91%d7%99%d7%9c%d7%aa-%d7%9e%d7%99%d7%aa%d7%95%d7%92-%d7%95%d7%9b%d7%9e%d7%94-%d7%94%d7%99%d7%90-%d7%a2%d7%95%d7%9c%d7%94/,71,חבילת מיתוג - כמה עולה חבילת מיתוג? ומה היתרונות שלה? | עיצוב | ברנדיני,חבילת מיתוג &#8211; כמה עולה חבילת מיתוג? ומה היתרונות שלה?,58,חבילת מיתוג &#8211; כמה עולה חבילת מיתוג? ומה היתרונות שלה
post,322105,%d7%9c%d7%a4%d7%a0%d7%99-%d7%a9%d7%9e%d7%97%d7%9c%d7%99%d7%a4%d7%99%d7%9d-%d7%a2%d7%99%d7%a6%d7%95%d7%91-%d7%9b%d7%9a-%d7%9e%d7%92%d7%93%d7%99%d7%a8%d7%99%d7%9d-%d7%9e%d7%98%d7%a8%d7%94-%d7%90%d7%97,https://brndini.co.il/%d7%a9%d7%99%d7%9e%d7%95%d7%a9%d7%99/%d7%9c%d7%a4%d7%a0%d7%99-%d7%a9%d7%9e%d7%97%d7%9c%d7%99%d7%a4%d7%99%d7%9d-%d7%a2%d7%99%d7%a6%d7%95%d7%91-%d7%9b%d7%9a-%d7%9e%d7%92%d7%93%d7%99%d7%a8%d7%99%d7%9d-%d7%9e%d7%98%d7%a8%d7%94-%d7%90%d7%97/,70,לפני שמחליפים עיצוב: כך מגדירים מטרה אחת ברורה לכל עמוד באתר | ברנדיני,לפני שמחליפים עיצוב: כך מגדירים מטרה אחת ברורה לכל עמוד באתר,55,לפני שמחליפים עיצוב: כך מגדירים מטרה אחת ברורה לכל עמוד
post,16788,%d7%90%d7%99%d7%9a-%d7%a2%d7%95%d7%a9%d7%99%d7%9d-%d7%a4%d7%95%d7%93%d7%a7%d7%90%d7%a1%d7%98-%d7%94%d7%9e%d7%93%d7%a8%d7%99%d7%9a-%d7%94%d7%9e%d7%9c%d7%90-%d7%9c%d7%99%d7%a6%d7%99%d7%a8%d7%aa-%d7%a4,https://brndini.co.il/%d7%a7%d7%99%d7%93%d7%95%d7%9d/%d7%90%d7%99%d7%9a-%d7%a2%d7%95%d7%a9%d7%99%d7%9d-%d7%a4%d7%95%d7%93%d7%a7%d7%90%d7%a1%d7%98-%d7%94%d7%9e%d7%93%d7%a8%d7%99%d7%9a-%d7%94%d7%9e%d7%9c%d7%90-%d7%9c%d7%99%d7%a6%d7%99%d7%a8%d7%aa-%d7%a4/,70,איך עושים פודקאסט - המדריך המלא ליצירת פודקאסט מוצלח | קידום | ברנדיני,איך עושים פודקאסט &#8211; המדריך המלא ליצירת פודקאסט מוצלח,52,איך עושים פודקאסט &#8211; המדריך המלא ליצירת פודקאסט
post,13815,%d7%9e%d7%93%d7%a8%d7%99%d7%9a-%d7%90%d7%99%d7%9a-%d7%9b%d7%95%d7%aa%d7%91%d7%99%d7%9d-%d7%9e%d7%95%d7%93%d7%a2%d7%94-%d7%9e%d7%a0%d7%a6%d7%97%d7%aa-%d7%91%d7%a4%d7%99%d7%99%d7%a1%d7%91%d7%95%d7%a7,https://brndini.co.il/%d7%a7%d7%99%d7%93%d7%95%d7%9d/%d7%9e%d7%93%d7%a8%d7%99%d7%9a-%d7%90%d7%99%d7%9a-%d7%9b%d7%95%d7%aa%d7%91%d7%99%d7%9d-%d7%9e%d7%95%d7%93%d7%a2%d7%94-%d7%9e%d7%a0%d7%a6%d7%97%d7%aa-%d7%91%d7%a4%d7%99%d7%99%d7%a1%d7%91%d7%95%d7%a7/,70,ניסוח מודעות גוגל ופייסבוק - איך כותבים מודעה מנצחת? | קידום | ברנדיני,ניסוח מודעות גוגל ופייסבוק &#8211; איך כותבים מודעה מנצחת?,57,ניסוח מודעות גוגל ופייסבוק &#8211; איך כותבים מודעה מנצחת
post,322499,%d7%94%d7%a7%d7%95-%d7%94%d7%97%d7%93%d7%a9-%d7%a9%d7%9c-web-dev-%d7%9e%d7%a6%d7%99%d7%91-%d7%a8%d7%a3-%d7%a8%d7%97%d7%91-%d7%99%d7%95%d7%aa%d7%a8-%d7%9c%d7%90%d7%aa%d7%a8%d7%99%d7%9d,https://brndini.co.il/brn-magazin/%d7%94%d7%a7%d7%95-%d7%94%d7%97%d7%93%d7%a9-%d7%a9%d7%9c-web-dev-%d7%9e%d7%a6%d7%99%d7%91-%d7%a8%d7%a3-%d7%a8%d7%97%d7%91-%d7%99%d7%95%d7%aa%d7%a8-%d7%9c%d7%90%d7%aa%d7%a8%d7%99%d7%9d/,69,הקו החדש של web.dev מציב רף רחב יותר לאתרים | מגזין ברנדיני | ברנדיני,הקו החדש של web.dev מציב רף רחב יותר לאתרים,53,הקו החדש של web.dev מציב רף רחב יותר לאתרים | ברנדיני
post,14301,%d7%94%d7%92%d7%93%d7%9c%d7%aa-%d7%99%d7%97%d7%a1-%d7%94%d7%9e%d7%a8%d7%94-%d7%a4%d7%aa%d7%a8%d7%95%d7%a0%d7%95%d7%aa-%d7%9e%d7%aa%d7%a7%d7%93%d7%9e%d7%99%d7%9d-%d7%9c%d7%a9%d7%99%d7%95%d7%95%d7%a7,https://brndini.co.il/%d7%a7%d7%99%d7%93%d7%95%d7%9d/%d7%94%d7%92%d7%93%d7%9c%d7%aa-%d7%99%d7%97%d7%a1-%d7%94%d7%9e%d7%a8%d7%94-%d7%a4%d7%aa%d7%a8%d7%95%d7%a0%d7%95%d7%aa-%d7%9e%d7%aa%d7%a7%d7%93%d7%9e%d7%99%d7%9d-%d7%9c%d7%a9%d7%99%d7%95%d7%95%d7%a7/,69,הגדלת יחס המרה: פתרונות מתקדמים לשיווק הדיגיטלי שלך | אתרים | ברנדיני,הגדלת יחס המרה: פתרונות מתקדמים לשיווק הדיגיטלי שלך,61,הגדלת יחס המרה: פתרונות מתקדמים לשיווק הדיגיטלי שלך | ברנדיני
post,13564,%d7%9e%d7%94-%d7%96%d7%94-%d7%90%d7%a4%d7%99%d7%95%d7%9f-%d7%9c%d7%a7%d7%95%d7%97-%d7%95%d7%93%d7%95%d7%92%d7%9e%d7%90%d7%95%d7%aa-%d7%9c%d7%a9%d7%90%d7%9c%d7%95%d7%aa-%d7%90%d7%99%d7%a4%d7%99,https://brndini.co.il/%d7%a9%d7%99%d7%9e%d7%95%d7%a9%d7%99/%d7%9e%d7%94-%d7%96%d7%94-%d7%90%d7%a4%d7%99%d7%95%d7%9f-%d7%9c%d7%a7%d7%95%d7%97-%d7%95%d7%93%d7%95%d7%92%d7%9e%d7%90%d7%95%d7%aa-%d7%9c%d7%a9%d7%90%d7%9c%d7%95%d7%aa-%d7%90%d7%99%d7%a4%d7%99/,69,אפיון לקוח - מה זה? ודוגמאות לשאלון אפיון שיעזרו לך | קידום | ברנדיני,אפיון לקוח &#8211; מה זה? ודוגמאות לשאלון אפיון שיעזרו לך,54,אפיון לקוח &#8211; מה זה? ודוגמאות לשאלון אפיון שיעזרו
post,11811,%d7%9e%d7%94-%d7%94%d7%94%d7%91%d7%93%d7%9c-%d7%91%d7%99%d7%9f-%d7%93%d7%a3-%d7%a0%d7%97%d7%99%d7%aa%d7%94-%d7%9c%d7%90%d7%aa%d7%a8,https://brndini.co.il/%d7%90%d7%aa%d7%a8%d7%99%d7%9d/%d7%9e%d7%94-%d7%94%d7%94%d7%91%d7%93%d7%9c-%d7%91%d7%99%d7%9f-%d7%93%d7%a3-%d7%a0%d7%97%d7%99%d7%aa%d7%94-%d7%9c%d7%90%d7%aa%d7%a8/,69,מה ההבדל בין דף נחיתה לאתר? כל מה שאתם חייבים לדעת! | אתרים | ברנדיני,מה ההבדל בין דף נחיתה לאתר? כל מה שאתם חייבים לדעת!,61,מה ההבדל בין דף נחיתה לאתר? כל מה שאתם חייבים לדעת! | ברנדיני
post,322828,%d7%94%d7%9e%d7%9c%d7%9b%d7%95%d7%93%d7%95%d7%aa-%d7%94%d7%a7%d7%98%d7%a0%d7%95%d7%aa-%d7%a9%d7%92%d7%95%d7%a8%d7%9e%d7%95%d7%aa-%d7%9c%d7%90%d7%aa%d7%a8-%d7%91%d7%99%d7%98%d7%95%d7%97-%d7%9c%d7%90,https://brndini.co.il/%d7%a2%d7%99%d7%a6%d7%95%d7%91/%d7%94%d7%9e%d7%9c%d7%9b%d7%95%d7%93%d7%95%d7%aa-%d7%94%d7%a7%d7%98%d7%a0%d7%95%d7%aa-%d7%a9%d7%92%d7%95%d7%a8%d7%9e%d7%95%d7%aa-%d7%9c%d7%90%d7%aa%d7%a8-%d7%91%d7%99%d7%98%d7%95%d7%97-%d7%9c%d7%90/,68,המלכודות הקטנות שגורמות לאתר ביטוח לאבד אמון | בניית אתרים | ברנדיני,המלכודות הקטנות שגורמות לאתר ביטוח לאבד אמון,54,המלכודות הקטנות שגורמות לאתר ביטוח לאבד אמון | ברנדיני
post,16760,%d7%9e%d7%a1%d7%a2-%d7%9c%d7%a7%d7%95%d7%97-%d7%91%d7%a2%d7%95%d7%9c%d7%9d-%d7%94%d7%a9%d7%99%d7%95%d7%95%d7%a7-%d7%94%d7%93%d7%99%d7%92%d7%99%d7%98%d7%9c%d7%99-%d7%a1%d7%99%d7%a4%d7%95%d7%a8-%d7%94,https://brndini.co.il/%d7%a7%d7%99%d7%93%d7%95%d7%9d/%d7%9e%d7%a1%d7%a2-%d7%9c%d7%a7%d7%95%d7%97-%d7%91%d7%a2%d7%95%d7%9c%d7%9d-%d7%94%d7%a9%d7%99%d7%95%d7%95%d7%a7-%d7%94%d7%93%d7%99%d7%92%d7%99%d7%98%d7%9c%d7%99-%d7%a1%d7%99%d7%a4%d7%95%d7%a8-%d7%94/,68,מסע לקוח בעולם השיווק הדיגיטלי: סיפור ההמרה המופלא | קידום | ברנדיני,מסע לקוח בעולם השיווק הדיגיטלי: סיפור ההמרה המופלא,60,מסע לקוח בעולם השיווק הדיגיטלי: סיפור ההמרה המופלא | ברנדיני
post,16142,%d7%90%d7%99%d7%9a-%d7%9c%d7%94%d7%a9%d7%99%d7%92-%d7%a7%d7%99%d7%a9%d7%95%d7%a8%d7%99%d7%9d-%d7%9c%d7%90%d7%aa%d7%a8-%d7%a7%d7%91%d7%9c%d7%95-%d7%90%d7%aa-%d7%94%d7%9e%d7%93%d7%a8%d7%99%d7%9a-%d7%94,https://brndini.co.il/%d7%a7%d7%99%d7%93%d7%95%d7%9d/%d7%90%d7%99%d7%9a-%d7%9c%d7%94%d7%a9%d7%99%d7%92-%d7%a7%d7%99%d7%a9%d7%95%d7%a8%d7%99%d7%9d-%d7%9c%d7%90%d7%aa%d7%a8-%d7%a7%d7%91%d7%9c%d7%95-%d7%90%d7%aa-%d7%94%d7%9e%d7%93%d7%a8%d7%99%d7%9a-%d7%94/,68,איך להשיג קישורים לאתר? קבלו את המדריך המלא והמקיף | אתרים | ברנדיני,איך להשיג קישורים לאתר? קבלו את המדריך המלא והמקיף,60,איך להשיג קישורים לאתר? קבלו את המדריך המלא והמקיף | ברנדיני
post,13797,%d7%9b%d7%a8%d7%98%d7%99%d7%a1-%d7%91%d7%99%d7%a7%d7%95%d7%a8-%d7%93%d7%99%d7%92%d7%99%d7%98%d7%9c%d7%99,https://brndini.co.il/%d7%90%d7%aa%d7%a8%d7%99%d7%9d/%d7%9b%d7%a8%d7%98%d7%99%d7%a1-%d7%91%d7%99%d7%a7%d7%95%d7%a8-%d7%93%d7%99%d7%92%d7%99%d7%98%d7%9c%d7%99/,68,"כרטיס ביקור דיגיטלי, מה זה ואיך הוא יכול לעזור לי? | אתרים | ברנדיני","כרטיס ביקור דיגיטלי, מה זה ואיך הוא יכול לעזור לי?",60,"כרטיס ביקור דיגיטלי, מה זה ואיך הוא יכול לעזור לי? | ברנדיני"
post,13458,%d7%9b%d7%aa%d7%99%d7%91%d7%94-%d7%a9%d7%99%d7%95%d7%95%d7%a7%d7%99%d7%aa-%d7%9e%d7%94-%d7%94%d7%95%d7%a4%d7%9a-%d7%90%d7%95%d7%aa%d7%94-%d7%9c%d7%a9%d7%99%d7%95%d7%95%d7%a7%d7%99%d7%aa,https://brndini.co.il/%d7%a9%d7%99%d7%9e%d7%95%d7%a9%d7%99/%d7%9b%d7%aa%d7%99%d7%91%d7%94-%d7%a9%d7%99%d7%95%d7%95%d7%a7%d7%99%d7%aa-%d7%9e%d7%94-%d7%94%d7%95%d7%a4%d7%9a-%d7%90%d7%95%d7%aa%d7%94-%d7%9c%d7%a9%d7%99%d7%95%d7%95%d7%a7%d7%99%d7%aa/,68,כתיבה שיווקית לעסק - כיצד ליצור תוכן שיווקי מנצח? | שימושי | ברנדיני,כתיבה שיווקית לעסק &#8211; כיצד ליצור תוכן שיווקי מנצח?,65,כתיבה שיווקית לעסק &#8211; כיצד ליצור תוכן שיווקי מנצח? | ברנדיני
post,13467,%d7%90%d7%99%d7%9a-%d7%9c%d7%a2%d7%a9%d7%95%d7%aa-%d7%9e%d7%97%d7%a7%d7%a8-%d7%9e%d7%99%d7%9c%d7%95%d7%aa-%d7%9e%d7%a4%d7%aa%d7%97-%d7%91%d7%92%d7%95%d7%92%d7%9c-%d7%91%d7%a6%d7%95%d7%a8%d7%94-%d7%94,https://brndini.co.il/%d7%a7%d7%99%d7%93%d7%95%d7%9d/%d7%90%d7%99%d7%9a-%d7%9c%d7%a2%d7%a9%d7%95%d7%aa-%d7%9e%d7%97%d7%a7%d7%a8-%d7%9e%d7%99%d7%9c%d7%95%d7%aa-%d7%9e%d7%a4%d7%aa%d7%97-%d7%91%d7%92%d7%95%d7%92%d7%9c-%d7%91%d7%a6%d7%95%d7%a8%d7%94-%d7%94/,68,איך לעשות מחקר מילות מפתח בגוגל בצורה הטובה ביותר? | קידום | ברנדיני,איך לעשות מחקר מילות מפתח בגוגל בצורה הטובה ביותר?,60,איך לעשות מחקר מילות מפתח בגוגל בצורה הטובה ביותר? | ברנדיני
post,16350,%d7%a1%d7%98%d7%95%d7%93%d7%99%d7%95-%d7%92%d7%a8%d7%a4%d7%99%d7%a7%d7%94-%d7%90%d7%99%d7%9a-%d7%9c%d7%92%d7%a8%d7%95%d7%9d-%d7%9c%d7%a2%d7%91%d7%95%d7%93%d7%94-%d7%a9%d7%9c%d7%9a-%d7%9c%d7%a7%d7%95,https://brndini.co.il/%d7%a2%d7%99%d7%a6%d7%95%d7%91/%d7%a1%d7%98%d7%95%d7%93%d7%99%d7%95-%d7%92%d7%a8%d7%a4%d7%99%d7%a7%d7%94-%d7%90%d7%99%d7%9a-%d7%9c%d7%92%d7%a8%d7%95%d7%9d-%d7%9c%d7%a2%d7%91%d7%95%d7%93%d7%94-%d7%a9%d7%9c%d7%9a-%d7%9c%d7%a7%d7%95/,67,סטודיו גרפיקה - איך לגרום לעבודה שלך לקום לתחייה? | עיצוב | ברנדיני,סטודיו גרפיקה &#8211; איך לגרום לעבודה שלך לקום לתחייה?,65,סטודיו גרפיקה &#8211; איך לגרום לעבודה שלך לקום לתחייה? | ברנדיני
post,16015,%d7%a2%d7%a8%d7%9b%d7%99-%d7%9e%d7%95%d7%aa%d7%92-%d7%90%d7%99%d7%9a-%d7%a2%d7%a8%d7%9b%d7%99-%d7%94%d7%9e%d7%95%d7%aa%d7%92-%d7%9e%d7%a9%d7%a4%d7%99%d7%a2%d7%99%d7%9d-%d7%a2%d7%9c-%d7%94%d7%9e,https://brndini.co.il/%d7%a2%d7%99%d7%a6%d7%95%d7%91/%d7%a2%d7%a8%d7%9b%d7%99-%d7%9e%d7%95%d7%aa%d7%92-%d7%90%d7%99%d7%9a-%d7%a2%d7%a8%d7%9b%d7%99-%d7%94%d7%9e%d7%95%d7%aa%d7%92-%d7%9e%d7%a9%d7%a4%d7%99%d7%a2%d7%99%d7%9d-%d7%a2%d7%9c-%d7%94%d7%9e/,67,ערכי מותג - איך ערכי המותג משפיעים על המותג שלנו? | אתרים | ברנדיני,ערכי מותג &#8211; איך ערכי המותג משפיעים על המותג שלנו?,65,ערכי מותג &#8211; איך ערכי המותג משפיעים על המותג שלנו? | ברנדיני
post,15566,%d7%a4%d7%a8%d7%a1%d7%95%d7%9d-%d7%a4%d7%a8%d7%95%d7%92%d7%a8%d7%9e%d7%98%d7%99-%d7%a4%d7%a8%d7%a1%d7%95%d7%9d-%d7%91%d7%94%d7%aa%d7%90%d7%9e%d7%94-%d7%90%d7%99%d7%a9%d7%99%d7%aa,https://brndini.co.il/%d7%a7%d7%99%d7%93%d7%95%d7%9d/%d7%a4%d7%a8%d7%a1%d7%95%d7%9d-%d7%a4%d7%a8%d7%95%d7%92%d7%a8%d7%9e%d7%98%d7%99-%d7%a4%d7%a8%d7%a1%d7%95%d7%9d-%d7%91%d7%94%d7%aa%d7%90%d7%9e%d7%94-%d7%90%d7%99%d7%a9%d7%99%d7%aa/,67,פרסום פרוגרמטי - העולם החדש של פרסום בהתאמה אישית | קידום | ברנדיני,פרסום פרוגרמטי &#8211; העולם החדש של פרסום בהתאמה אישית,65,פרסום פרוגרמטי &#8211; העולם החדש של פרסום בהתאמה אישית | ברנדיני
post,15512,%d7%a9%d7%99%d7%95%d7%95%d7%a7-%d7%93%d7%99%d7%92%d7%99%d7%98%d7%9c%d7%99-%d7%a9%d7%99%d7%a4%d7%95%d7%a8-%d7%94%d7%a2%d7%a1%d7%a7-%d7%a2%d7%9d-%d7%a9%d7%99%d7%95%d7%95%d7%a7-%d7%93%d7%99%d7%92%d7%99,https://brndini.co.il/%d7%a7%d7%99%d7%93%d7%95%d7%9d/%d7%a9%d7%99%d7%95%d7%95%d7%a7-%d7%93%d7%99%d7%92%d7%99%d7%98%d7%9c%d7%99-%d7%a9%d7%99%d7%a4%d7%95%d7%a8-%d7%94%d7%a2%d7%a1%d7%a7-%d7%a2%d7%9d-%d7%a9%d7%99%d7%95%d7%95%d7%a7-%d7%93%d7%99%d7%92%d7%99/,67,שיווק דיגיטלי - שיפור העסק עם שיווק דיגיטלי מתקדם | קידום | ברנדיני,שיווק דיגיטלי &#8211; שיפור העסק עם שיווק דיגיטלי מתקדם,65,שיווק דיגיטלי &#8211; שיפור העסק עם שיווק דיגיטלי מתקדם | ברנדיני
post,14845,%d7%90%d7%99%d7%9e%d7%99%d7%99%d7%9c-%d7%9e%d7%a8%d7%a7%d7%98%d7%99%d7%a0%d7%92,https://brndini.co.il/%d7%a7%d7%99%d7%93%d7%95%d7%9d/%d7%90%d7%99%d7%9e%d7%99%d7%99%d7%9c-%d7%9e%d7%a8%d7%a7%d7%98%d7%99%d7%a0%d7%92/,67,אימייל מרקטינג: הדרך המודרנית לקדום את המותג שלכם | קידום | ברנדיני,אימייל מרקטינג: הדרך המודרנית לקדום את המותג שלכם,59,אימייל מרקטינג: הדרך המודרנית לקדום את המותג שלכם | ברנדיני
post,19101,%d7%a9%d7%99%d7%95%d7%95%d7%a7-%d7%91%d7%a8%d7%a9%d7%aa%d7%95%d7%aa-%d7%97%d7%91%d7%a8%d7%aa%d7%99%d7%95%d7%aa-%d7%9c%d7%a2%d7%a9%d7%95%d7%aa-%d7%9c%d7%91%d7%93-%d7%90%d7%95-%d7%91%d7%a2%d7%96%d7%a8,https://brndini.co.il/%d7%a7%d7%99%d7%93%d7%95%d7%9d/%d7%a9%d7%99%d7%95%d7%95%d7%a7-%d7%91%d7%a8%d7%a9%d7%aa%d7%95%d7%aa-%d7%97%d7%91%d7%a8%d7%aa%d7%99%d7%95%d7%aa-%d7%9c%d7%a2%d7%a9%d7%95%d7%aa-%d7%9c%d7%91%d7%93-%d7%90%d7%95-%d7%91%d7%a2%d7%96%d7%a8/,66,שיווק ברשתות חברתיות: לעשות לבד או בעזרת סוכנות? | קידום | ברנדיני,שיווק ברשתות חברתיות: לעשות לבד או בעזרת סוכנות?,58,שיווק ברשתות חברתיות: לעשות לבד או בעזרת סוכנות? | ברנדיני
post,16448,%d7%aa%d7%9b%d7%a0%d7%99%d7%aa-%d7%a2%d7%a1%d7%a7%d7%99%d7%aa-%d7%94%d7%9e%d7%93%d7%a8%d7%99%d7%9a-%d7%94%d7%9e%d7%9c%d7%90-%d7%a9%d7%9c%d7%91-%d7%90%d7%97%d7%a8-%d7%a9%d7%9c%d7%91,https://brndini.co.il/%d7%a9%d7%99%d7%9e%d7%95%d7%a9%d7%99/%d7%aa%d7%9b%d7%a0%d7%99%d7%aa-%d7%a2%d7%a1%d7%a7%d7%99%d7%aa-%d7%94%d7%9e%d7%93%d7%a8%d7%99%d7%9a-%d7%94%d7%9e%d7%9c%d7%90-%d7%a9%d7%9c%d7%91-%d7%90%d7%97%d7%a8-%d7%a9%d7%9c%d7%91/,66,איך בונים תוכנית עסקית - המדריך המלא שלב אחר שלב | קידום | ברנדיני,איך בונים תוכנית עסקית &#8211; המדריך המלא שלב אחר שלב,64,איך בונים תוכנית עסקית &#8211; המדריך המלא שלב אחר שלב | ברנדיני
post,13568,%d7%a7%d7%94%d7%9c-%d7%99%d7%a2%d7%93-%d7%90%d7%99%d7%9a-%d7%90%d7%a0%d7%99-%d7%99%d7%95%d7%93%d7%a2-%d7%9e%d7%99-%d7%94%d7%95%d7%90-%d7%95%d7%90%d7%99%d7%9a-%d7%90%d7%a0%d7%99-%d7%9e%d7%95%d7%a6,https://brndini.co.il/%d7%a7%d7%99%d7%93%d7%95%d7%9d/%d7%a7%d7%94%d7%9c-%d7%99%d7%a2%d7%93-%d7%90%d7%99%d7%9a-%d7%90%d7%a0%d7%99-%d7%99%d7%95%d7%93%d7%a2-%d7%9e%d7%99-%d7%94%d7%95%d7%90-%d7%95%d7%90%d7%99%d7%9a-%d7%90%d7%a0%d7%99-%d7%9e%d7%95%d7%a6/,66,קהל יעד: איך אני יודע מי הוא ואיך אני מוצא אותו? | קידום | ברנדיני,קהל יעד: איך אני יודע מי הוא ואיך אני מוצא אותו?,58,קהל יעד: איך אני יודע מי הוא ואיך אני מוצא אותו? | ברנדיני
